Date,Name,Year,Letterboxd URI,Rating,Rewatch,Tags,Watched Date
2023-06-23,Black Mirror: Beyond the Sea,2023,https://boxd.it/4pMK5z,3.5,,,2023-06-22
2023-06-23,Black Mirror: Mazey Day,2023,https://boxd.it/4pMKeB,3,,,2023-06-22
2023-06-23,Transformers: Rise of the Beasts,2023,https://boxd.it/4pMKK3,3,,,2023-06-22
2023-06-23,Black Mirror: Joan Is Awful,2023,https://boxd.it/4pMKW9,3.5,,,2023-06-22
2024-01-25,The Beekeeper,2024,https://boxd.it/5FPYlJ,3.5,,,2024-01-25
2024-02-03,BlackBerry,2023,https://boxd.it/5K8xcz,3.5,,,2024-02-02
2024-10-20,It's What's Inside,2024,https://boxd.it/7Bb1pR,4,,,2024-10-14
2024-10-28,Transformers One,2024,https://boxd.it/7EOJTh,4.5,,,2024-10-27
2024-11-03,Smile,2022,https://boxd.it/7I2bAv,3.5,,,2024-10-31
2024-11-03,Challengers,2024,https://boxd.it/7I2wqB,3.5,,,2024-11-02
2024-11-07,Hamilton,2020,https://boxd.it/7K96hF,3.5,,,2024-11-06
2024-11-07,Don't Move,2024,https://boxd.it/7KaBvZ,2.5,,,2024-11-07
2024-11-12,Alien: Romulus,2024,https://boxd.it/7MP0QL,4,,,2024-11-11
2024-11-13,Sultan,2016,https://boxd.it/7Nfq6B,4,,,2024-11-13
2024-11-28,The Girl with the Dragon Tattoo,2011,https://boxd.it/7UGkyL,4,Yes,,2024-11-28
2024-11-28,Bodies Bodies Bodies,2022,https://boxd.it/7UGwJV,2,,,2024-11-28
2024-12-04,Night School,2018,https://boxd.it/7XQ5R1,2.5,,,2024-12-04
2024-12-04,Umamusume: Pretty Derby - Beginning of a New Era,2024,https://boxd.it/7XQ71B,3.5,,,2024-12-04
2024-12-04,Mr. Right,2015,https://boxd.it/7Y58dN,2.5,,,2024-12-04
2024-12-04,Instant Family,2018,https://boxd.it/7Y8Ciz,3.5,,,2024-12-04
2024-12-17,Carry-On,2024,https://boxd.it/84lkT3,3,,,2024-12-17
2024-12-19,The Perks of Being a Wallflower,2012,https://boxd.it/85nM09,4,,,2024-12-19
2024-12-27,Mr. Bean's Holiday,2007,https://boxd.it/8aVK8X,3.5,,,2024-12-27
2024-12-28,Sweetpea,2024,https://boxd.it/8bLjTV,3.5,,,2024-12-28
2024-12-28,Sicario,2015,https://boxd.it/8bSbof,4,Yes,,2024-12-28
2024-12-29,Sicario: Day of the Soldado,2018,https://boxd.it/8cEt0V,3,,,2024-12-29
2025-01-02,Gladiator II,2024,https://boxd.it/8gjlYx,3.5,,,2025-01-02
2025-01-02,Venom: The Last Dance,2024,https://boxd.it/8gjnqd,2.5,,,2025-01-02
2025-01-07,Loki,2021,https://boxd.it/8lANBZ,3.5,,,2025-01-07
2025-01-08,The Holdovers,2023,https://boxd.it/8mpw39,4,,,2025-01-08
2025-01-08,Salt,2010,https://boxd.it/8n6k3H,3.5,Yes,,2025-01-08
2025-01-12,The Substance,2024,https://boxd.it/8qAZRv,4.5,,,2025-01-12
2025-01-13,Step Up 2: The Streets,2008,https://boxd.it/8rDXO5,2.5,,,2025-01-13
2025-01-13,Sonic the Hedgehog 3,2024,https://boxd.it/8sg3uL,3,,,2025-01-13
2025-01-15,Anora,2024,https://boxd.it/8tr9L5,3.5,,,2025-01-15
2025-01-16,Ocean's Eleven,2001,https://boxd.it/8ueisJ,5,Yes,,2025-01-16
2025-01-16,Ocean's Thirteen,2007,https://boxd.it/8uejUp,5,Yes,,2025-01-16
2025-01-20,Ant-Man,2015,https://boxd.it/8xkXe3,4,Yes,,2025-01-20
2025-01-20,Ant-Man and the Wasp,2018,https://boxd.it/8xkYEr,3,Yes,,2025-01-20
2025-01-20,Avengers: Infinity War,2018,https://boxd.it/8xl34X,4,Yes,,2025-01-20
2025-01-20,Avengers: Endgame,2019,https://boxd.it/8xl5xn,4,Yes,,2025-01-20
2025-01-22,Interstellar,2014,https://boxd.it/8yZ7X7,4.5,Yes,,2025-01-22
2025-01-28,Ready or Not,2019,https://boxd.it/8Efxkx,3,,,2025-01-28
2025-01-28,Moneyball,2011,https://boxd.it/8EfxGX,4,Yes,,2025-01-28
2025-01-30,Green Book,2018,https://boxd.it/8FbneP,4,,,2025-01-30
2025-02-06,TRON: Legacy,2010,https://boxd.it/8Klm4T,3.5,Yes,,2025-02-06
2025-02-11,Past Lives,2023,https://boxd.it/8NgM1N,4,Yes,,2025-02-10
2025-02-16,Stuck in Love,2012,https://boxd.it/8QmQLJ,2,,,2025-02-16
2025-02-16,Chef,2014,https://boxd.it/8QsaKL,3.5,,,2025-02-16
2025-02-17,The Gorge,2025,https://boxd.it/8RgL3p,3,,,2025-02-17
2025-02-19,Yesterday,2019,https://boxd.it/8SGzaf,3,,,2025-02-19
2025-02-24,Wallace & Gromit: Vengeance Most Fowl,2024,https://boxd.it/8VR6Kx,3.5,,,2025-02-19
2025-02-20,Captain America: Brave New World,2025,https://boxd.it/8Tv1lv,3,,,2025-02-20
2025-03-02,The Fundamentals of Caring,2016,https://boxd.it/8ZkOLz,3,,,2025-03-02
2025-03-03,Inside Man,2006,https://boxd.it/90gaWt,3.5,,,2025-03-03
2025-03-10,It Ends with Us,2024,https://boxd.it/94HYst,2,,,2025-03-10
2025-03-12,Last Night in Soho,2021,https://boxd.it/95ZrTB,3.5,,,2025-03-12
2025-03-16,Ratatouille,2007,https://boxd.it/98ejx1,4.5,Yes,,2025-03-16
2025-03-16,Mulan,1998,https://boxd.it/98ijlx,4.5,,,2025-03-16
2025-03-20,Circle,2015,https://boxd.it/9aJBpJ,3,,,2025-03-20
2025-04-04,A Minecraft Movie,2025,https://boxd.it/9jqqil,2.5,,,2025-04-03
2025-04-10,Novocaine,2025,https://boxd.it/9mFTa3,2.5,,,2025-04-10
2025-04-12,GoodFellas,1990,https://boxd.it/9nAJJr,5,Yes,,2025-04-12
2025-04-12,The Martian,2015,https://boxd.it/9nAKe5,4,Yes,,2025-04-12
2025-04-17,"The Adventures of Priscilla, Queen of the Desert",1994,https://boxd.it/9qrDhP,4,,,2025-04-17
2025-04-20,Black Mirror: Common People,2025,https://boxd.it/9seaSJ,4,,,2025-04-19
2025-04-20,A Working Man,2025,https://boxd.it/9sn9W9,3.5,,,2025-04-20
2025-04-21,Black Mirror: Bête Noire,2025,https://boxd.it/9t2j0V,3.5,,,2025-04-21
2025-04-24,Black Mirror: Hotel Reverie,2025,https://boxd.it/9uZJw1,3.5,,,2025-04-24
2025-04-26,Black Mirror: Plaything,2025,https://boxd.it/9w0t2b,1,,,2025-04-25
2025-04-29,La Chimera,2023,https://boxd.it/9xWhLX,4.5,,,2025-04-28
2025-04-29,Sinners,2025,https://boxd.it/9ynBoX,4.5,,,2025-04-29
2025-05-07,Warfare,2025,https://boxd.it/9CNTOx,3,,,2025-05-07
2025-05-07,Conclave,2024,https://boxd.it/9CSlUr,4,,,2025-05-07
2025-05-07,Pirates of the Caribbean: The Curse of the Black Pearl,2003,https://boxd.it/9D78NR,4,Yes,,2025-05-07
2025-05-07,Pirates of the Caribbean: Dead Man's Chest,2006,https://boxd.it/9D794t,4,Yes,,2025-05-07
2025-05-07,Pirates of the Caribbean: At World's End,2007,https://boxd.it/9D7a2j,4.5,Yes,,2025-05-07
2025-05-08,Thunderbolts*,2025,https://boxd.it/9DC0bx,4.5,,,2025-05-08
2025-05-13,The Descent,2005,https://boxd.it/9G3Iod,3,,,2025-05-13
2025-05-13,Black Mirror: Eulogy,2025,https://boxd.it/9GvJRV,3.5,,,2025-05-13
2025-05-17,The Secret Life of Walter Mitty,2013,https://boxd.it/9IcaCr,4,,,2025-05-17
2025-05-22,A Simple Favor,2018,https://boxd.it/9L7UrL,2.5,,,2025-05-19
2025-05-22,Final Destination Bloodlines,2025,https://boxd.it/9L7V3l,3,,,2025-05-21
2025-05-22,Mission: Impossible – The Final Reckoning,2025,https://boxd.it/9L7Vtj,4,,,2025-05-22
2025-05-25,Rogue One: A Star Wars Story,2016,https://boxd.it/9Nppqr,4.5,Yes,,2025-05-25
2025-05-27,Until Dawn,2025,https://boxd.it/9OuX8v,2.5,,,2025-05-27
