Date,Name,Year,Letterboxd URI
2019-07-01,Toy Story 4,2019,https://boxd.it/9ALu
2019-07-01,Murder Mystery,2019,https://boxd.it/iEBm
2019-07-01,Chernobyl,2019,https://boxd.it/mkbG
2019-07-01,Spider-Man: Into the Spider-Verse,2018,https://boxd.it/azpY
2019-07-01,Avengers: Endgame,2019,https://boxd.it/9vE4
2019-07-01,John Wick: Chapter 3 – Parabellum,2019,https://boxd.it/gmFw
2019-07-01,Shazam!,2019,https://boxd.it/8WBu
2019-07-01,Get Out,2017,https://boxd.it/eOCm
2019-07-01,Avengers: Infinity War,2018,https://boxd.it/9vEe
2019-07-01,Black Panther,2018,https://boxd.it/8MHs
2019-07-01,The Dark Knight,2008,https://boxd.it/2b0k
2019-07-01,Baby Driver,2017,https://boxd.it/bhF2
2019-07-01,Arrival,2016,https://boxd.it/aNGk
2019-07-01,Guardians of the Galaxy,2014,https://boxd.it/3VH2
2019-07-01,Inception,2010,https://boxd.it/1skk
2019-07-01,Interstellar,2014,https://boxd.it/4VZ8
2019-07-01,Star Wars: The Force Awakens,2015,https://boxd.it/4vru
2019-07-01,Thor: Ragnarok,2017,https://boxd.it/8MHi
2019-07-01,Whiplash,2014,https://boxd.it/7bQA
2019-07-01,Dunkirk,2017,https://boxd.it/d0Y6
2019-07-01,Deadpool,2016,https://boxd.it/9fOC
2019-07-01,Gone Girl,2014,https://boxd.it/6hQu
2019-07-01,Star Wars: The Last Jedi,2017,https://boxd.it/5xme
2019-07-01,Blade Runner 2049,2017,https://boxd.it/b8wK
2019-07-01,Spider-Man: Homecoming,2017,https://boxd.it/aboM
2019-07-01,The Wolf of Wall Street,2013,https://boxd.it/3C1m
2019-07-01,Inglourious Basterds,2009,https://boxd.it/1JzG
2019-07-01,Guardians of the Galaxy Vol. 2,2017,https://boxd.it/8MxC
2019-07-01,The Avengers,2012,https://boxd.it/1xFW
2019-07-01,Django Unchained,2012,https://boxd.it/2cCk
2019-07-01,Logan,2017,https://boxd.it/7Piy
2019-07-01,Captain America: Civil War,2016,https://boxd.it/89Ja
2019-07-01,Inside Out,2015,https://boxd.it/4KHC
2019-07-01,Birdman or (The Unexpected Virtue of Ignorance),2014,https://boxd.it/5RFA
2019-07-01,"Three Billboards Outside Ebbing, Missouri",2017,https://boxd.it/ceBS
2019-07-01,Wonder Woman,2017,https://boxd.it/9roG
2019-07-01,Rogue One: A Star Wars Story,2016,https://boxd.it/aPvy
2019-07-01,Annihilation,2018,https://boxd.it/9yzm
2019-07-01,Captain America: The Winter Soldier,2014,https://boxd.it/3r58
2019-07-01,The Martian,2015,https://boxd.it/8SeG
2019-07-01,Kill Bill: Vol. 1,2003,https://boxd.it/70w
2019-07-01,Doctor Strange,2016,https://boxd.it/8MH8
2019-07-01,It,2017,https://boxd.it/bC8e
2019-07-01,Incredibles 2,2018,https://boxd.it/7IPg
2019-07-01,Captain Marvel,2019,https://boxd.it/9vSA
2019-07-01,Avengers: Age of Ultron,2015,https://boxd.it/3qi6
2019-07-01,Nightcrawler,2014,https://boxd.it/780m
2019-07-01,The Matrix,1999,https://boxd.it/2a1m
2019-07-01,Jurassic Park,1993,https://boxd.it/2aA2
2019-07-01,Back to the Future,1985,https://boxd.it/2b8e
2019-07-01,The Dark Knight Rises,2012,https://boxd.it/H3m
2019-07-01,Iron Man,2008,https://boxd.it/28dA
2019-07-01,Deadpool 2,2018,https://boxd.it/dlLM
2019-07-01,Scott Pilgrim vs. the World,2010,https://boxd.it/1Aq6
2019-07-01,Ant-Man,2015,https://boxd.it/3vmW
2019-07-01,The Incredibles,2004,https://boxd.it/1XLm
2019-07-01,The Shawshank Redemption,1994,https://boxd.it/2aHi
2019-07-01,Gravity,2013,https://boxd.it/GZY
2019-07-01,Zootopia,2016,https://boxd.it/84xS
2019-07-01,WALL·E,2008,https://boxd.it/1VEo
2019-07-01,John Wick,2014,https://boxd.it/7dEc
2019-07-01,Split,2016,https://boxd.it/dgSy
2019-07-01,Up,2009,https://boxd.it/1OEc
2019-07-01,Kingsman: The Secret Service,2014,https://boxd.it/6dxe
2019-07-01,The Truman Show,1998,https://boxd.it/18U8
2019-07-01,Ant-Man and the Wasp,2018,https://boxd.it/cqUW
2019-07-01,Ready Player One,2018,https://boxd.it/aZes
2019-07-01,Zodiac,2007,https://boxd.it/27MO
2019-07-01,Captain America: The First Avenger,2011,https://boxd.it/28b0
2019-07-01,Suicide Squad,2016,https://boxd.it/9row
2019-07-01,Batman Begins,2005,https://boxd.it/2aIg
2019-07-01,Iron Man 3,2013,https://boxd.it/2cBQ
2019-07-01,Finding Nemo,2003,https://boxd.it/72i
2019-07-01,The Nice Guys,2016,https://boxd.it/94Hg
2019-07-01,American Psycho,2000,https://boxd.it/28Vs
2019-07-01,Sicario,2015,https://boxd.it/8i7u
2019-07-01,Jurassic World,2015,https://boxd.it/4n0g
2019-07-01,Fantastic Beasts and Where to Find Them,2016,https://boxd.it/7FPC
2019-07-01,Solo: A Star Wars Story,2018,https://boxd.it/bGWs
2019-07-01,The Departed,2006,https://boxd.it/28MA
2019-07-01,Batman v Superman: Dawn of Justice,2016,https://boxd.it/6fBW
2019-07-01,The Prestige,2006,https://boxd.it/293w
2019-07-01,Harry Potter and the Prisoner of Azkaban,2004,https://boxd.it/29Qy
2019-07-01,Ratatouille,2007,https://boxd.it/27ww
2019-07-01,Thor,2011,https://boxd.it/1WQU
2019-07-01,12 Years a Slave,2013,https://boxd.it/2D2e
2019-07-01,Mission: Impossible – Fallout,2018,https://boxd.it/bSVc
2019-07-01,Shaun of the Dead,2004,https://boxd.it/29J8
2019-07-01,Harry Potter and the Philosopher's Stone,2001,https://boxd.it/29QS
2019-07-01,"Monsters, Inc.",2001,https://boxd.it/2a46
2019-07-01,Avatar,2009,https://boxd.it/1Efm
2019-07-01,X-Men: Days of Future Past,2014,https://boxd.it/4aRw
2019-07-01,The Imitation Game,2014,https://boxd.it/6aig
2019-07-01,Good Will Hunting,1997,https://boxd.it/2ahY
2019-07-01,Iron Man 2,2010,https://boxd.it/1WZM
2019-07-01,Kill Bill: Vol. 2,2004,https://boxd.it/2au4
2019-07-01,The Lego Movie,2014,https://boxd.it/4pDO
2019-07-01,Big Hero 6,2014,https://boxd.it/5rje
2019-07-01,Harry Potter and the Deathly Hallows: Part 2,2011,https://boxd.it/1RYk
2019-07-01,John Wick: Chapter 2,2017,https://boxd.it/ayGu
2019-07-01,Hot Fuzz,2007,https://boxd.it/2416
2019-07-01,Thor: The Dark World,2013,https://boxd.it/2DqA
2019-07-01,The Big Short,2015,https://boxd.it/ajZw
2019-07-01,Fantastic Mr. Fox,2009,https://boxd.it/1WyQ
2019-07-01,Aquaman,2018,https://boxd.it/9ru0
2019-07-01,Skyfall,2012,https://boxd.it/17Fc
2019-07-01,The Hunger Games,2012,https://boxd.it/2uds
2019-07-01,Frozen,2013,https://boxd.it/3GNa
2019-07-01,Venom,2018,https://boxd.it/b8wA
2019-07-01,Game Night,2018,https://boxd.it/fRtu
2019-07-01,Harry Potter and the Chamber of Secrets,2002,https://boxd.it/29QI
2019-07-01,Ocean's Eight,2018,https://boxd.it/eaai
2019-07-01,Harry Potter and the Goblet of Fire,2005,https://boxd.it/29Qo
2019-07-01,Edge of Tomorrow,2014,https://boxd.it/4pD0
2019-07-01,Harry Potter and the Deathly Hallows: Part 1,2010,https://boxd.it/1RYu
2019-07-01,Justice League,2017,https://boxd.it/4w68
2019-07-01,Man of Steel,2013,https://boxd.it/FRk
2019-07-01,Snowpiercer,2013,https://boxd.it/3Icg
2019-07-01,Catch Me If You Can,2002,https://boxd.it/29VS
2019-07-01,Harry Potter and the Order of the Phoenix,2007,https://boxd.it/29Qe
2019-07-01,Harry Potter and the Half-Blood Prince,2009,https://boxd.it/29FU
2019-07-01,V for Vendetta,2005,https://boxd.it/29Ik
2019-07-01,Home Alone,1990,https://boxd.it/29Fg
2019-07-01,The Hunger Games: Catching Fire,2013,https://boxd.it/3sAw
2019-07-01,Pirates of the Caribbean: The Curse of the Black Pearl,2003,https://boxd.it/70G
2019-07-01,Wreck-It Ralph,2012,https://boxd.it/2TTS
2019-07-01,Pacific Rim,2013,https://boxd.it/2cB2
2019-07-01,Your Name.,2016,https://boxd.it/cUqs
2019-07-01,Looper,2012,https://boxd.it/ham
2019-07-01,Life of Pi,2012,https://boxd.it/37pC
2019-07-01,Edward Scissorhands,1990,https://boxd.it/2aZc
2019-07-01,American Hustle,2013,https://boxd.it/5dz8
2019-07-01,X-Men: Apocalypse,2016,https://boxd.it/7eJi
2019-07-01,X-Men: First Class,2011,https://boxd.it/FOA
2019-07-01,Jurassic World: Fallen Kingdom,2018,https://boxd.it/bOnU
2019-07-01,Hacksaw Ridge,2016,https://boxd.it/azew
2019-07-01,21 Jump Street,2012,https://boxd.it/J0
2019-07-01,Groundhog Day,1993,https://boxd.it/2b3e
2019-07-01,The Edge of Seventeen,2016,https://boxd.it/d5nu
2019-07-01,Mean Girls,2004,https://boxd.it/1VNg
2019-07-01,Creed,2015,https://boxd.it/a2qk
2019-07-01,Kong: Skull Island,2017,https://boxd.it/9ewM
2019-07-01,How to Train Your Dragon,2010,https://boxd.it/1WRy
2019-07-01,The Girl with the Dragon Tattoo,2011,https://boxd.it/2Pa
2019-07-01,Dallas Buyers Club,2013,https://boxd.it/4O8G
2019-07-01,Prometheus,2012,https://boxd.it/2s9e
2019-07-01,The Amazing Spider-Man,2012,https://boxd.it/27PI
2019-07-01,Superbad,2007,https://boxd.it/20hO
2019-07-01,Argo,2012,https://boxd.it/2czU
2019-07-01,The World's End,2013,https://boxd.it/3EiO
2019-07-01,Alien: Covenant,2017,https://boxd.it/49UY
2019-07-01,Kingsman: The Golden Circle,2017,https://boxd.it/buJm
2019-07-01,Ocean's Eleven,2001,https://boxd.it/2aZm
2019-07-01,Jumanji: Welcome to the Jungle,2017,https://boxd.it/bUeE
2019-07-01,Glass,2019,https://boxd.it/g3uO
2019-07-01,Back to the Future Part II,1989,https://boxd.it/2aYI
2019-07-01,Dawn of the Planet of the Apes,2014,https://boxd.it/3XyQ
2019-07-01,War for the Planet of the Apes,2017,https://boxd.it/8FE2
2019-07-01,Casino Royale,2006,https://boxd.it/1alk
2019-07-01,Kick-Ass,2010,https://boxd.it/1zaQ
2019-07-01,The Lego Batman Movie,2017,https://boxd.it/azp0
2019-07-01,Bad Times at the El Royale,2018,https://boxd.it/fSA2
2019-07-01,District 9,2009,https://boxd.it/1Iik
2019-07-01,Spectre,2015,https://boxd.it/6bXY
2019-07-01,Mission: Impossible – Rogue Nation,2015,https://boxd.it/5rI4
2019-07-01,The Hangover,2009,https://boxd.it/1GjK
2019-07-01,Logan Lucky,2017,https://boxd.it/dZrs
2019-07-01,Vice,2018,https://boxd.it/fcFY
2019-07-01,Now You See Me,2013,https://boxd.it/2Bsu
2019-07-01,The Incredible Hulk,2008,https://boxd.it/28dU
2019-07-01,The Jungle Book,2016,https://boxd.it/8wjk
2019-07-01,Halloween,2018,https://boxd.it/f0uE
2019-07-01,22 Jump Street,2014,https://boxd.it/5Fvy
2019-07-01,Godzilla,2014,https://boxd.it/47OE
2019-07-01,Slumdog Millionaire,2008,https://boxd.it/1S3E
2019-07-01,The Hunger Games: Mockingjay – Part 1,2014,https://boxd.it/4hka
2019-07-01,World War Z,2013,https://boxd.it/2p2E
2019-07-01,Stand by Me,1986,https://boxd.it/2aOe
2019-07-01,The Amazing Spider-Man 2,2014,https://boxd.it/3utM
2019-07-01,Monsters University,2013,https://boxd.it/bQm
2019-07-01,Pokémon Detective Pikachu,2019,https://boxd.it/fVA0
2019-07-01,Star Trek Into Darkness,2013,https://boxd.it/uYE
2019-07-01,School of Rock,2003,https://boxd.it/28xK
2019-07-01,Murder on the Orient Express,2017,https://boxd.it/dHjA
2019-07-01,Rocky,1976,https://boxd.it/28Uk
2019-07-01,Ralph Breaks the Internet,2018,https://boxd.it/edAy
2019-07-01,Easy A,2010,https://boxd.it/17DK
2019-07-01,Rise of the Planet of the Apes,2011,https://boxd.it/cS4
2019-07-01,Lucy,2014,https://boxd.it/75hu
2019-07-01,Star Trek,2009,https://boxd.it/1Q6c
2019-07-01,Sherlock Holmes,2009,https://boxd.it/1W2A
2019-07-01,The Hunger Games: Mockingjay – Part 2,2015,https://boxd.it/4hk0
2019-07-01,Star Trek Beyond,2016,https://boxd.it/5Ik4
2019-07-01,American Sniper,2014,https://boxd.it/5LDy
2019-07-01,Mission: Impossible – Ghost Protocol,2011,https://boxd.it/psI
2019-07-01,Pirates of the Caribbean: Dead Man's Chest,2006,https://boxd.it/2bfk
2019-07-01,Passengers,2016,https://boxd.it/8lFu
2019-07-01,Minority Report,2002,https://boxd.it/2aWi
2019-07-01,The Wolverine,2013,https://boxd.it/2CWU
2019-07-01,Ted,2012,https://boxd.it/2pgc
2019-07-01,Despicable Me,2010,https://boxd.it/1DD8
2019-07-01,Cars,2006,https://boxd.it/29ho
2019-07-01,Super 8,2011,https://boxd.it/dVI
2019-07-01,Mission: Impossible,1996,https://boxd.it/29d2
2019-07-01,Alice in Wonderland,2010,https://boxd.it/1Spq
2023-01-13,The Menu,2022,https://boxd.it/lScm
2023-01-13,Glass Onion,2022,https://boxd.it/oCkK
2023-01-13,Puss in Boots: The Last Wish,2022,https://boxd.it/aaie
2023-01-13,Avatar: The Way of Water,2022,https://boxd.it/2E2E
2023-01-13,Everything Everywhere All at Once,2022,https://boxd.it/jUk4
2023-01-13,Knives Out,2019,https://boxd.it/jWEA
2023-01-13,Bullet Train,2022,https://boxd.it/qW26
2023-01-13,Top Gun: Maverick,2022,https://boxd.it/cjr4
2023-06-04,Spider-Man: Across the Spider-Verse,2023,https://boxd.it/kSz4
2023-06-04,The Super Mario Bros. Movie,2023,https://boxd.it/i8C8
2023-06-04,Fast X,2023,https://boxd.it/drIu
2023-06-04,Air,2023,https://boxd.it/Arlc
2023-06-04,John Wick: Chapter 4,2023,https://boxd.it/mh48
2023-06-04,Ant-Man and the Wasp: Quantumania,2023,https://boxd.it/nL2y
2023-06-04,Dungeons & Dragons: Honor Among Thieves,2023,https://boxd.it/hN1A
2023-06-04,Parasite,2019,https://boxd.it/hTha
2023-06-23,Black Mirror: Beyond the Sea,2023,https://boxd.it/H7QI
2023-06-23,Black Mirror: Mazey Day,2023,https://boxd.it/H7QS
2023-06-23,Transformers: Rise of the Beasts,2023,https://boxd.it/oQTa
2023-06-23,Black Mirror: Joan Is Awful,2023,https://boxd.it/GWmi
2023-06-23,Black Panther: Wakanda Forever,2022,https://boxd.it/igPu
2023-06-23,Black Adam,2022,https://boxd.it/fup0
2023-06-23,Thor: Love and Thunder,2022,https://boxd.it/mMAY
2023-06-23,Lightyear,2022,https://boxd.it/qV1G
2023-07-18,Mission: Impossible – Dead Reckoning,2023,https://boxd.it/l7zS
2023-07-18,Mission: Impossible III,2006,https://boxd.it/29cI
2024-01-10,The Killer,2023,https://boxd.it/u6WE
2024-01-10,Oppenheimer,2023,https://boxd.it/wUow
2024-01-10,The Hunger Games: The Ballad of Songbirds & Snakes,2023,https://boxd.it/pZCY
2024-01-10,Guardians of the Galaxy Vol. 3,2023,https://boxd.it/fVNI
2024-01-10,Barbie,2023,https://boxd.it/bCLK
2024-01-10,The Fall of the House of Usher,2023,https://boxd.it/IWYg
2024-01-25,The Beekeeper,2024,https://boxd.it/wJzS
2024-01-25,The Creator,2023,https://boxd.it/oXWq
2024-01-25,Elemental,2023,https://boxd.it/ASiE
2024-01-25,Cocaine Bear,2023,https://boxd.it/ugw2
2024-01-25,Society of the Snow,2023,https://boxd.it/y9aw
2024-01-25,Godzilla Minus One,2023,https://boxd.it/zu4c
2024-01-25,The Flash,2023,https://boxd.it/9twC
2024-01-25,Saw X,2023,https://boxd.it/zUWk
2024-01-25,A Haunting in Venice,2023,https://boxd.it/zGdg
2024-01-25,Creed III,2023,https://boxd.it/pf68
2024-01-25,Blue Beetle,2023,https://boxd.it/kJLq
2024-01-25,Shang-Chi and the Legend of the Ten Rings,2021,https://boxd.it/kLDI
2024-01-25,Black Widow,2021,https://boxd.it/hWV8
2024-01-25,Salt,2010,https://boxd.it/1rtK
2024-01-25,Tetris,2023,https://boxd.it/rePK
2024-01-25,Meg 2: The Trench,2023,https://boxd.it/mLvo
2024-01-25,Gran Turismo,2023,https://boxd.it/B2lS
2024-01-25,Shazam! Fury of the Gods,2023,https://boxd.it/lV0S
2024-01-25,Knock at the Cabin,2023,https://boxd.it/npL2
2024-01-25,The Batman,2022,https://boxd.it/eDGs
2024-01-25,Doctor Strange in the Multiverse of Madness,2022,https://boxd.it/gaTc
2024-01-25,The Hunt,2020,https://boxd.it/iE9i
2024-01-25,Talk to Me,2022,https://boxd.it/C6uQ
2024-01-25,Turning Red,2022,https://boxd.it/ipkq
2024-01-25,Uncharted,2022,https://boxd.it/b5Dy
2024-01-25,The Unbearable Weight of Massive Talent,2022,https://boxd.it/o6eK
2024-01-25,RRR,2022,https://boxd.it/ljDs
2024-01-25,Death on the Nile,2022,https://boxd.it/ifpg
2024-01-25,Jurassic World Dominion,2022,https://boxd.it/ikXW
2024-01-25,The Gray Man,2022,https://boxd.it/rb7q
2024-01-25,Morbius,2022,https://boxd.it/j978
2024-01-25,Moon Knight,2022,https://boxd.it/zeDq
2024-01-25,The Adam Project,2022,https://boxd.it/q2Dg
2024-01-25,Hustle,2022,https://boxd.it/qpig
2024-01-25,The Guardians of the Galaxy Holiday Special,2022,https://boxd.it/t77K
2024-01-25,The Lost City,2022,https://boxd.it/sg0Q
2024-01-25,Violent Night,2022,https://boxd.it/xXBA
2024-01-25,Jackass Forever,2022,https://boxd.it/opUg
2024-01-25,Ambulance,2022,https://boxd.it/sFxg
2024-01-25,Moonfall,2022,https://boxd.it/ejwM
2024-01-25,The Tinder Swindler,2022,https://boxd.it/yMLw
2024-01-25,Cyberpunk: Edgerunners,2022,https://boxd.it/COP4
2024-01-25,South Park the Streaming Wars,2022,https://boxd.it/AOfm
2024-01-25,Spider-Man: No Way Home,2021,https://boxd.it/nwRw
2024-01-25,Dune,2021,https://boxd.it/fA7G
2024-01-25,Don't Look Up,2021,https://boxd.it/o0Hc
2024-01-25,The Suicide Squad,2021,https://boxd.it/fw6O
2024-01-25,Encanto,2021,https://boxd.it/kPRu
2024-01-25,Luca,2021,https://boxd.it/ipjC
2024-01-25,Eternals,2021,https://boxd.it/j36o
2024-01-25,No Time to Die,2021,https://boxd.it/cPX2
2024-01-25,Free Guy,2021,https://boxd.it/k8dm
2024-01-25,Squid Game,2021,https://boxd.it/x1OG
2024-01-25,WandaVision,2021,https://boxd.it/sbGW
2024-01-25,Nobody,2021,https://boxd.it/mLqS
2024-01-25,Venom: Let There Be Carnage,2021,https://boxd.it/llco
2024-01-25,Godzilla vs. Kong,2021,https://boxd.it/e0qK
2024-01-25,Loki,2021,https://boxd.it/sbHg
2024-01-25,Fear Street: 1994,2021,https://boxd.it/lLBk
2024-01-25,Raya and the Last Dragon,2021,https://boxd.it/jbkI
2024-01-25,Fear Street: 1978,2021,https://boxd.it/lLBu
2024-01-25,The Falcon and the Winter Soldier,2021,https://boxd.it/sbH6
2024-01-25,Red Notice,2021,https://boxd.it/ixtq
2024-01-25,The King's Man,2021,https://boxd.it/h714
2024-01-25,Fear Street: 1666,2021,https://boxd.it/lLBE
2024-01-25,In the Heights,2021,https://boxd.it/gLhu
2024-01-25,F9,2021,https://boxd.it/dqsU
2024-02-03,BlackBerry,2023,https://boxd.it/CoVK
2024-02-07,BEEF,2023,https://boxd.it/FPsm
2024-02-07,Argylle,2024,https://boxd.it/w1kk
2024-02-10,BLUE EYE SAMURAI,2023,https://boxd.it/JH9k
2024-02-11,The Marvels,2023,https://boxd.it/mwU4
2024-03-04,Guns Akimbo,2019,https://boxd.it/gkFu
2024-07-11,Hit Man,2023,https://boxd.it/ANB2
2024-07-11,Monkey Man,2024,https://boxd.it/kvsO
2024-07-11,Shōgun,2024,https://boxd.it/LciY
2024-07-11,Godzilla × Kong: The New Empire,2024,https://boxd.it/v1PK
2024-07-11,Road House,2024,https://boxd.it/cdzQ
2024-07-11,Ricky Stanicky,2024,https://boxd.it/CFjo
2024-07-11,Bad Boys: Ride or Die,2024,https://boxd.it/l3Ki
2024-07-11,The Man from U.N.C.L.E.,2015,https://boxd.it/67lG
2024-07-26,Deadpool & Wolverine,2024,https://boxd.it/jq8s
2024-08-31,Crazy Rich Asians,2018,https://boxd.it/gfnK
2024-10-13,It's What's Inside,2024,https://boxd.it/DOV4
2024-10-28,Transformers One,2024,https://boxd.it/q7bc
2024-11-03,Smile,2022,https://boxd.it/xjfE
2024-11-03,Challengers,2024,https://boxd.it/zld0
2024-11-07,Hamilton,2020,https://boxd.it/kmvE
2024-11-07,Don't Move,2024,https://boxd.it/EfWy
2024-11-12,Alien: Romulus,2024,https://boxd.it/zGqO
2024-11-13,Sultan,2016,https://boxd.it/d65G
2024-11-28,Bodies Bodies Bodies,2022,https://boxd.it/iRcE
2024-12-04,Night School,2018,https://boxd.it/gcyU
2024-12-04,Umamusume: Pretty Derby - Beginning of a New Era,2024,https://boxd.it/Krru
2024-12-04,Mr. Right,2015,https://boxd.it/aZkK
2024-12-04,Instant Family,2018,https://boxd.it/hHpQ
2024-12-17,Carry-On,2024,https://boxd.it/C0B2
2024-12-19,The Perks of Being a Wallflower,2012,https://boxd.it/2ZA8
2024-12-27,Mr. Bean's Holiday,2007,https://boxd.it/28Yc
2024-12-28,Sweetpea,2024,https://boxd.it/QMrs
2024-12-29,Sicario: Day of the Soldado,2018,https://boxd.it/e4fG
2025-01-02,Gladiator II,2024,https://boxd.it/kqQQ
2025-01-02,Venom: The Last Dance,2024,https://boxd.it/ynqo
2025-01-08,The Holdovers,2023,https://boxd.it/vHza
2025-01-12,The Substance,2024,https://boxd.it/zanS
2025-01-13,Step Up 2: The Streets,2008,https://boxd.it/20mk
2025-01-13,Sonic the Hedgehog 3,2024,https://boxd.it/zq0U
2025-01-15,Anora,2024,https://boxd.it/Egcw
2025-01-16,Ocean's Thirteen,2007,https://boxd.it/2aEy
2025-01-28,Ready or Not,2019,https://boxd.it/kOf0
2025-01-28,Moneyball,2011,https://boxd.it/glS
2025-01-30,Green Book,2018,https://boxd.it/hErk
2025-02-06,TRON: Legacy,2010,https://boxd.it/1Dlo
2025-02-11,Past Lives,2023,https://boxd.it/oNB8
2025-02-16,Stuck in Love,2012,https://boxd.it/3L08
2025-02-16,Chef,2014,https://boxd.it/6lCG
2025-02-17,The Gorge,2025,https://boxd.it/zRqK
2025-02-19,Yesterday,2019,https://boxd.it/iF7M
2025-02-20,Captain America: Brave New World,2025,https://boxd.it/uYDm
2025-02-24,Wallace & Gromit: Vengeance Most Fowl,2024,https://boxd.it/z14C
2025-03-02,The Fundamentals of Caring,2016,https://boxd.it/aiai
2025-03-03,Inside Man,2006,https://boxd.it/2auS
2025-03-10,It Ends with Us,2024,https://boxd.it/ENjg
2025-03-12,Last Night in Soho,2021,https://boxd.it/lbJC
2025-03-16,Mulan,1998,https://boxd.it/1VFw
2025-03-20,Circle,2015,https://boxd.it/b5So
2025-04-03,A Minecraft Movie,2025,https://boxd.it/zRro
2025-04-10,Novocaine,2025,https://boxd.it/JmdA
2025-04-12,GoodFellas,1990,https://boxd.it/29FA
2025-04-17,"The Adventures of Priscilla, Queen of the Desert",1994,https://boxd.it/26mg
2025-04-20,Black Mirror: Common People,2025,https://boxd.it/U1Vy
2025-04-20,A Working Man,2025,https://boxd.it/Jpmq
2025-04-21,Black Mirror: Bête Noire,2025,https://boxd.it/U1VI
2025-04-23,Black Mirror: Hotel Reverie,2025,https://boxd.it/U1V4
2025-04-25,Black Mirror: Plaything,2025,https://boxd.it/U1VS
2025-04-28,La Chimera,2023,https://boxd.it/vzVi
2025-04-29,Sinners,2025,https://boxd.it/KQMM
2025-05-06,Warfare,2025,https://boxd.it/LbRo
2025-05-06,Conclave,2024,https://boxd.it/AO8q
2025-05-07,Pirates of the Caribbean: At World's End,2007,https://boxd.it/2aGu
2025-05-08,Thunderbolts*,2025,https://boxd.it/BfbQ
2025-05-12,The Descent,2005,https://boxd.it/1YNy
2025-05-13,Black Mirror: Eulogy,2025,https://boxd.it/U1Ww
2025-05-16,The Secret Life of Walter Mitty,2013,https://boxd.it/3SWy
2025-05-21,A Simple Favor,2018,https://boxd.it/hq92
2025-05-21,Final Destination Bloodlines,2025,https://boxd.it/l5y4
2025-05-21,Mission: Impossible – The Final Reckoning,2025,https://boxd.it/l7A2
2025-05-27,Bring Her Back,2025,https://boxd.it/Hxlc
2025-05-27,Fallen Angel,1945,https://boxd.it/1ugY
2025-05-27,Until Dawn,2025,https://boxd.it/KOb0
